coach_id,coach_name,seasons,coach_career_span,g,wins,losses,ties,win_loss_perc,wins_over_500,years_playoffs,g_playoffs,wins_playoffs,losses_playoffs,win_loss_playoffs_perc,rank_avg,rank_best,championships,championships_super_bowl,championships_conference
0,Fay Abbott,2,1928-1929,13,0,13,0,.000,-13,0,0,0,0,,11.0,10,0,0,0
1,Frankie Albert,3,1956-1958,36,19,16,1,.543,3,1,1,0,1,.000,2.7,1,0,0,0
2,Doc Alexander,2,1922-1926,18,8,8,2,.500,0,0,0,0,0,,10.5,6,0,0,0
3,Dennis Allen,3,2012-2014,36,8,28,0,.222,-20,0,0,0,0,,3.7,3,,,
4,George Allen,12,1966-1977,168,116,47,5,.712,69,7,9,2,7,.222,1.9,1,0,0,1
5,Hunk Anderson,4,1942-1945,36,23,11,2,.676,12,2,2,1,1,.500,2.0,1,1,0,0
6,Roy Andrews,8,1924-1931,82,51,27,4,.654,24,0,0,0,0,,5.9,2,0,0,0
7,Bruce Arians,2,2013-2014,32,21,11,0,.656,10,1,1,0,1,.000,2.5,2,,,
8,John Armstrong,1,1924,9,5,2,2,.714,3,0,0,0,0,,5.0,5,0,0,0
9,Neill Armstrong,4,1978-1981,64,30,34,0,.469,-4,1,1,0,1,.000,3.5,2,0,0,0
10,Bill Arnsparger,3,1974-1976,35,7,28,0,.200,-21,0,0,0,0,,4.7,4,,,
11,Bill Austin,4,1966-1970,56,17,36,3,.321,-19,0,0,0,0,,4.5,4,0,0,0
12,Joe Bach,4,1935-1953,48,21,27,0,.438,-6,0,0,0,0,,3.3,2,0,0,0
13,Herman Ball,3,1949-1951,20,4,16,0,.200,-12,0,0,0,0,,4.3,3,0,0,0
14,Shorty Barr,1,1926,3,1,2,0,.333,-1,0,0,0,0,,16.0,16,0,0,0
15,Norm Barry,2,1925-1926,26,16,8,2,.667,8,0,0,0,0,,5.5,1,1,0,0
16,Jim Bates,1,2004,7,3,4,0,.429,-1,0,0,0,0,,4.0,4,,,
17,Dim Batterson,1,1927,5,0,5,0,.000,-5,0,0,0,0,,12.0,12,0,0,0
18,Cliff Battles,2,1946-1947,21,4,16,1,.200,-12,0,0,0,0,,2.5,2,0,0,0
19,Sammy Baugh,3,1960-1964,42,18,24,0,.429,-6,0,0,0,0,,3.0,2,0,0,0
20,Bull Behman,3,1929-1931,40,12,20,7,.375,-8,0,0,0,0,,7.0,3,0,0,0
21,Bill Belichick,20,1991-2014,320,211,109,0,.659,102,13,31,22,9,.710,1.8,1,4,4,6
22,Bert Bell,6,1936-1941,58,10,46,2,.179,-36,0,0,0,0,,4.7,4,0,0,0
23,Phil Bengtson,4,1968-1972,47,21,25,1,.457,-4,0,0,0,0,,3.5,3,0,0,0
24,Leeman Bennett,8,1977-1986,119,50,69,0,.420,-19,3,4,1,3,.250,2.6,1,0,0,0
25,Dutch Bergman,1,1943,10,6,3,1,.667,3,1,2,1,1,.500,1.0,1,0,0,0
26,Raymond Berry,6,1984-1989,87,48,39,0,.552,9,2,5,3,2,.600,2.5,1,0,0,1
27,Punk Berryman,2,1924-1926,25,14,10,1,.583,4,0,0,0,0,,8.5,3,0,0,0
28,Tom Bettis,1,1977,7,1,6,0,.143,-5,0,0,0,0,,5.0,5,0,0,0
29,Hugo Bezdek,2,1937-1938,14,1,13,0,.071,-12,0,0,0,0,,4.5,4,0,0,0
30,Scotty Bierce,1,1925,8,4,2,2,.667,2,0,0,0,0,,4.0,4,0,0,0
31,Ed Biles,3,1981-1983,31,8,23,0,.258,-15,0,0,0,0,,3.7,3,,,
32,Brian Billick,9,1999-2007,144,80,64,0,.556,16,4,8,5,3,.625,2.3,1,1,1,1
33,Lisle Blackbourn,4,1954-1957,48,17,31,0,.354,-14,0,0,0,0,,4.8,3,0,0,0
34,Johnny Blood,3,1937-1939,25,6,19,0,.240,-13,0,0,0,0,,4.0,3,0,0,0
35,Pat Boland,1,1946,6,2,3,1,.400,-1,0,0,0,0,,4.0,4,0,0,0
36,Todd Bowles,1,2011,3,2,1,0,.667,1,0,0,0,0,,3.0,3,,,
37,Gus Bradley,2,2013-2014,32,7,25,0,.219,-18,0,0,0,0,,3.0,3,,,
38,Joe Brandy,1,1924,6,0,6,0,.000,-6,0,0,0,0,,16.0,16,0,0,0
39,Wayne Brenkert,2,1923-1924,10,3,7,0,.300,-4,0,0,0,0,,14.5,13,0,0,0
40,Untz Brewer,1,1922,10,3,5,2,.375,-2,0,0,0,0,,10.0,10,0,0,0
41,Charlie Brickley,1,1921,2,0,2,0,.000,-2,0,0,0,0,,18.0,18,0,0,0
42,Frank Bridges,1,1944,5,0,5,0,.000,-5,0,0,0,0,,5.0,5,0,0,0
43,Marty Brill,1,1931,7,3,3,1,.500,0,0,0,0,0,,7.0,7,0,0,0
44,Rich Brooks,2,1995-1996,32,13,19,0,.406,-6,0,0,0,0,,3.0,3,0,0,0
45,Paul Brown,25,1946-1975,326,213,104,9,.672,109,15,17,9,8,.529,2.0,1,7,0,0
46,Fred Bruney,1,1985,1,1,0,0,1.000,1,0,0,0,0,,4.0,4,0,0,0
47,Johnny Bryan,2,1925-1926,15,2,13,0,.133,-11,0,0,0,0,,15.5,15,0,0,0
48,Joe Bugel,5,1990-1997,80,24,56,0,.300,-32,0,0,0,0,,4.6,4,0,0,0
49,Hank Bullough,3,1978-1986,22,4,18,0,.182,-14,0,0,0,0,,3.3,1,0,0,0
50,Jerry Burns,6,1986-1991,95,52,43,0,.547,9,3,6,3,3,.500,2.5,1,,,
51,Tom Cable,3,2008-2010,44,17,27,0,.386,-10,0,0,0,0,,3.0,3,,,
52,Jim Caldwell,4,2009-2014,64,37,27,0,.578,10,3,5,2,3,.400,2.0,1,0,0,1
53,Bill Callahan,2,2002-2003,32,15,17,0,.469,-2,1,3,2,1,.667,2.0,1,,,1
54,Cam Cameron,1,2007,16,1,15,0,.063,-14,0,0,0,0,,4.0,4,0,0,0
55,Hugh Campbell,2,1984-1985,30,8,22,0,.267,-14,0,0,0,0,,4.0,4,,,
56,Marion Campbell,9,1974-1989,115,34,80,1,.300,-46,0,0,0,0,,3.9,3,0,0,0
57,Dave Campo,3,2000-2002,48,15,33,0,.313,-18,0,0,0,0,,4.3,4,0,0,0
58,Dom Capers,8,1995-2005,128,48,80,0,.375,-32,1,2,1,1,.500,3.3,1,0,0,0
59,Pete Carroll,9,1994-2014,144,83,61,0,.576,22,6,13,8,5,.615,2.6,1,1,1,2
60,Bud Carson,2,1989-1990,25,11,13,1,.460,-2,1,2,1,1,.500,2.5,1,,,
61,Eddie Casey,1,1935,11,2,8,1,.200,-6,0,0,0,0,,4.0,4,0,0,0
62,Pete Cawthon,2,1943-1944,15,2,13,0,.133,-11,0,0,0,0,,4.5,4,0,0,0
63,Guy Chamberlin,6,1922-1927,81,58,16,7,.784,42,0,0,0,0,,3.2,1,4,0,0
64,Coonie Checkaye,1,1921,2,0,2,0,.000,-2,0,0,0,0,,18.0,18,0,0,0
65,Jack Chevigny,1,1932,10,2,6,2,.250,-4,0,0,0,0,,6.0,6,0,0,0
66,Brad Childress,5,2006-2010,74,39,35,0,.527,4,2,3,1,2,.333,2.2,1,,,
67,Jack Christiansen,5,1963-1967,67,26,38,3,.406,-12,0,0,0,0,,5.0,3,0,0,0
68,Rob Chudzinski,1,2013,16,4,12,0,.250,-8,0,0,0,0,,4.0,4,,,
69,Algy Clark,1,1934,8,0,8,0,.000,-8,0,0,0,0,,6.0,6,0,0,0
70,Dutch Clark,6,1937-1942,66,30,34,2,.469,-4,0,0,0,0,,3.3,2,0,0,0
71,Monte Clark,8,1976-1984,119,51,67,1,.433,-16,2,2,0,2,.000,2.9,1,0,0,0
72,Potsy Clark,10,1931-1940,118,64,42,12,.604,22,1,1,1,0,1.000,2.6,1,1,0,0
73,Stan Cofall,1,1920,3,0,2,1,.000,-2,0,0,0,0,,10.0,10,0,0,0
74,Blanton Collier,8,1963-1970,112,76,34,2,.691,42,5,7,3,4,.429,1.4,1,1,0,0
75,Joe Collier,3,1966-1968,30,13,16,1,.448,-3,1,1,0,1,.000,3.0,1,0,0,0
76,Bill Conkright,1,1962,9,1,8,0,.111,-7,0,0,0,0,,4.0,4,0,0,0
77,Jimmy Conzelman,15,1921-1948,167,87,63,17,.580,24,2,2,1,1,.500,4.8,1,2,0,0
78,Al Cornsweet,1,1931,10,2,8,0,.200,-6,0,0,0,0,,8.0,8,0,0,0
79,Don Coryell,14,1973-1986,195,111,83,1,.572,28,6,9,3,6,.333,2.8,1,0,0,0
80,Bruce Coslet,9,1990-2000,124,47,77,0,.379,-30,1,1,0,1,.000,3.9,2,0,0,0
81,Frank Coughlin,1,1921,2,0,1,1,.000,-1,0,0,0,0,,5.0,5,0,0,0
82,Tom Coughlin,19,1995-2014,304,164,140,0,.539,24,9,19,12,7,.632,2.4,1,2,2,2
83,Bill Cowher,15,1992-2006,240,149,90,1,.623,59,10,21,12,9,.571,1.9,1,1,1,2
84,Milan Creighton,4,1935-1938,46,16,26,4,.381,-10,0,0,0,0,,4.0,3,0,0,0
85,Romeo Crennel,6,2005-2012,83,28,55,0,.337,-27,0,0,0,0,,3.7,2,,,
86,Clem Crowe,2,1949-1950,18,5,12,1,.294,-7,1,1,0,1,.000,5.0,3,0,0,0
87,Jim Crowley,1,1947,10,0,10,0,.000,-10,0,0,0,0,,4.0,4,0,0,0
88,Gunther Cunningham,2,1999-2000,32,16,16,0,.500,0,0,0,0,0,,2.5,2,,,
89,Russ Daugherty,1,1927,10,4,4,2,.500,0,0,0,0,0,,7.0,7,0,0,0
90,Al Davis,3,1963-1965,42,23,16,3,.590,7,0,0,0,0,,2.3,2,0,0,0
91,Butch Davis,4,2001-2004,59,24,35,0,.407,-11,1,1,0,1,.000,3.3,2,,,
92,Red Dawson,4,1946-1949,48,19,25,4,.432,-6,1,2,1,1,.500,2.0,1,0,0,0
93,Dudley DeGroot,4,1944-1947,45,26,16,3,.619,10,1,1,0,1,.000,2.5,1,0,0,0
94,Jack Del Rio,9,2003-2011,139,68,71,0,.489,-3,2,3,1,2,.333,2.8,2,0,0,0
95,Herb Dell,1,1922,8,0,8,0,.000,-8,0,0,0,0,,15.0,15,0,0,0
96,Jack Depler,3,1929-1931,38,12,21,5,.364,-9,0,0,0,0,,6.3,4,0,0,0
97,Dan Devine,4,1971-1974,56,25,27,4,.481,-2,1,1,0,1,.000,2.8,1,0,0,0
98,Hugh Devore,3,1953-1957,26,7,18,1,.280,-11,0,0,0,0,,5.7,5,0,0,0
99,Lone Star Dietz,2,1933-1934,24,11,11,2,.500,0,0,0,0,0,,2.5,2,0,0,0
100,Luby DiMeolo,1,1934,12,2,10,0,.167,-8,0,0,0,0,,5.0,5,0,0,0
101,Mike Ditka,14,1982-1999,216,121,95,0,.560,26,7,12,6,6,.500,2.6,1,1,1,1
102,Mel Doherty,1,1921,4,1,3,0,.250,-2,0,0,0,0,,13.0,13,0,0,0
103,Aldo Donelli,2,1941-1944,15,4,11,0,.267,-7,0,0,0,0,,4.5,4,0,0,0
104,Jim Dooley,4,1968-1971,56,20,36,0,.357,-16,0,0,0,0,,3.3,2,0,0,0
105,Gus Dorais,5,1943-1947,53,20,31,2,.392,-11,0,0,0,0,,3.4,2,0,0,0
106,Jap Douds,1,1933,11,3,6,2,.333,-3,0,0,0,0,,5.0,5,0,0,0
107,Bob Dove,1,1946,5,2,2,1,.500,0,0,0,0,0,,4.0,4,0,0,0
108,Rod Dowhower,2,1985-1986,29,5,24,0,.172,-19,0,0,0,0,,4.5,4,0,0,0
109,Paddy Driscoll,5,1920-1957,53,31,17,5,.646,14,1,1,0,1,.000,4.2,1,0,0,0
110,Walt Driskill,1,1949,8,1,7,0,.125,-6,0,0,0,0,,6.0,6,0,0,0
111,Chuck Drulis,1,1961,2,2,0,0,1.000,2,0,0,0,0,,4.0,4,0,0,0
112,Tony Dungy,13,1996-2008,208,139,69,0,.668,70,11,19,9,10,.474,1.8,1,1,1,1
113,Bill Edwards,2,1941-1942,14,4,9,1,.308,-5,0,0,0,0,,4.0,3,0,0,0
114,Cap Edwards,3,1921-1925,31,13,11,7,.542,2,0,0,0,0,,7.0,4,0,0,0
115,Herman Edwards,8,2001-2008,128,54,74,0,.422,-20,4,6,2,4,.333,2.9,1,0,0,0
116,Turk Edwards,3,1946-1948,35,16,18,1,.471,-2,0,0,0,0,,3.0,2,0,0,0
117,Eddie Erdelatz,2,1960-1961,16,6,10,0,.375,-4,0,0,0,0,,3.5,3,0,0,0
118,Ron Erhardt,4,1978-1981,49,21,28,0,.429,-7,0,0,0,0,,2.5,1,0,0,0
119,Dennis Erickson,6,1995-2004,96,40,56,0,.417,-16,0,0,0,0,,3.5,3,0,0,0
120,Hal Erickson,1,1924,13,5,8,0,.385,-3,0,0,0,0,,12.0,12,0,0,0
121,Charley Ewart,1,1949,12,1,10,1,.091,-9,0,0,0,0,,5.0,5,0,0,0
122,Weeb Ewbank,20,1954-1973,266,130,129,7,.502,1,4,5,4,1,.800,3.0,1,3,1,1
123,Chuck Fairbanks,6,1973-1978,85,46,39,0,.541,7,2,2,0,2,.000,2.8,1,0,0,0
124,Guil Falcon,3,1920-1923,25,10,10,5,.500,0,0,0,0,0,,8.3,4,0,0,0
125,Jim Fassel,7,1997-2003,112,58,53,1,.522,5,3,5,2,3,.400,2.4,1,0,0,1
126,Jack Faulkner,3,1962-1964,32,9,22,1,.290,-13,0,0,0,0,,3.3,2,0,0,0
127,Frank Fausch,2,1921-1922,8,3,5,0,.375,-2,0,0,0,0,,10.5,6,0,0,0
128,Tom Fears,4,1967-1970,49,13,34,2,.277,-21,0,0,0,0,,3.5,3,0,0,0
129,Marty Feldman,2,1961-1962,17,2,15,0,.118,-13,0,0,0,0,,4.0,4,0,0,0
130,Perry Fewell,1,2009,7,3,4,0,.429,-1,0,0,0,0,,4.0,4,,,
131,Frank Filchock,2,1960-1961,28,7,20,1,.259,-13,0,0,0,0,,3.5,3,0,0,0
132,Jack Fish,1,1930,6,1,4,1,.200,-3,0,0,0,0,,11.0,11,0,0,0
133,Jeff Fisher,20,1994-2014,310,162,147,1,.524,15,6,11,5,6,.455,2.8,1,,,1
134,Ray Flaherty,11,1936-1949,122,80,37,5,.684,43,6,6,2,4,.333,1.8,1,2,0,0
135,Tom Flores,12,1979-1994,184,97,87,0,.527,10,5,11,8,3,.727,3.3,1,2,2,2
136,Bob Folwell,1,1925,12,8,4,0,.667,4,0,0,0,0,,4.0,4,,,
137,Wayne Fontes,9,1988-1996,133,66,67,0,.496,-1,4,5,1,4,.200,3.0,1,0,0,0
138,Jack Forsyth,2,1920-1921,16,8,6,2,.571,2,0,0,0,0,,8.5,7,0,0,0
139,Rick Forzano,3,1974-1976,32,15,17,0,.469,-2,0,0,0,0,,2.3,2,0,0,0
140,John Fox,13,2002-2014,208,119,89,0,.572,30,7,15,8,7,.533,2.0,1,0,0,2
141,Leslie Frazier,4,2010-2013,54,21,32,1,.398,-11,1,1,0,1,.000,3.5,2,,,
142,Benny Friedman,2,1930-1932,14,5,9,0,.357,-4,0,0,0,0,,4.0,2,0,0,0
143,Chan Gailey,5,1998-2012,80,34,46,0,.425,-12,2,2,0,2,.000,3.0,1,0,0,0
144,Frank Gansz,2,1987-1988,31,8,22,1,.274,-14,0,0,0,0,,5.0,5,0,0,0
145,Budge Garrett,1,1922,6,2,1,3,.667,1,0,0,0,0,,11.0,11,0,0,0
146,Jason Garrett,5,2010-2014,72,41,31,0,.569,10,1,2,1,1,.500,2.4,1,,,
147,Mike Getto,1,1942,11,3,8,0,.273,-5,0,0,0,0,,4.0,4,0,0,0
148,Joe Gibbs,16,1981-2007,248,154,94,0,.621,60,10,24,17,7,.708,2.4,1,3,3,4
149,Abe Gibron,3,1972-1974,42,11,30,1,.274,-19,0,0,0,0,,4.0,4,0,0,0
150,George Gibson,1,1930,14,3,10,1,.231,-7,0,0,0,0,,9.5,9,0,0,0
151,Kevin Gilbride,2,1997-1998,22,6,16,0,.273,-10,0,0,0,0,,5.0,5,0,0,0
152,Fred Gillies,1,1928,6,1,5,0,.167,-4,0,0,0,0,,9.0,9,0,0,0
153,Sid Gillman,18,1955-1974,228,122,99,7,.552,23,6,6,1,5,.167,2.6,1,1,0,0
154,Hank Gillo,1,1920,7,2,5,0,.286,-3,0,0,0,0,,11.0,11,0,0,0
155,Harry Gilmer,2,1965-1966,28,10,16,2,.385,-6,0,0,0,0,,6.0,6,0,0,0
156,Jerry Glanville,9,1985-1993,129,60,69,0,.465,-9,4,7,3,4,.429,3.0,2,0,0,0
157,Archie Golembeski,1,1925,12,6,5,1,.545,1,0,0,0,0,,10.0,10,0,0,0
158,Otto Graham,3,1966-1968,42,17,22,3,.436,-5,0,0,0,0,,3.7,3,0,0,0
159,Bud Grant,18,1967-1985,259,158,96,5,.621,62,12,22,10,12,.455,1.9,1,0,0,4
160,Dennis Green,13,1992-2006,207,113,94,0,.546,19,8,12,4,8,.333,2.5,1,0,0,0
161,Forrest Gregg,11,1975-1987,161,75,85,1,.469,-10,2,4,2,2,.500,2.8,1,0,0,1
162,Hal Griffen,1,1930,14,5,6,3,.455,-1,0,0,0,0,,7.0,7,0,0,0
163,Tex Grigg,1,1925,7,0,6,1,.000,-6,0,0,0,0,,16.0,16,0,0,0
164,Al Groh,1,2000,16,9,7,0,.563,2,0,0,0,0,,3.0,3,,,
165,Jay Gruden,1,2014,16,4,12,0,.250,-8,0,0,0,0,,4.0,4,,,
166,Jon Gruden,11,1998-2008,176,95,81,0,.540,14,5,9,5,4,.556,2.3,1,1,1,1
167,Hinkey Haines,1,1931,4,1,3,0,.250,-2,0,0,0,0,,7.0,7,0,0,0
168,George Halas,40,1920-1967,497,318,148,31,.682,170,8,9,6,3,.667,2.7,1,6,0,0
169,Todd Haley,3,2009-2011,45,19,26,0,.422,-7,1,1,0,1,.000,3.0,1,0,0,0
170,Phil Handler,5,1943-1951,38,4,34,0,.105,-30,0,0,0,0,,4.6,3,0,0,0
171,Ray Handley,2,1991-1992,32,14,18,0,.438,-4,0,0,0,0,,4.0,4,0,0,0
172,Jim Hanifan,7,1980-1989,93,39,53,1,.425,-14,1,1,0,1,.000,3.9,3,0,0,0
173,Bo Hanley,1,1924,5,0,4,1,.000,-4,0,0,0,0,,16.0,16,0,0,0
174,Dick Hanley,1,1946,3,1,1,1,.500,0,0,0,0,0,,4.0,4,0,0,0
175,Hal Hanson,1,1932,12,2,7,3,.222,-5,0,0,0,0,,8.0,8,0,0,0
176,Jim Harbaugh,4,2011-2014,64,44,19,1,.695,25,3,8,5,3,.625,1.8,1,,,1
177,John Harbaugh,7,2008-2014,112,72,40,0,.643,32,6,15,10,5,.667,2.0,1,1,1,1
178,Jim Haslett,7,2000-2008,108,47,61,0,.435,-14,1,2,1,1,.500,2.7,1,0,0,0
179,Norb Hecker,3,1966-1968,31,4,26,1,.133,-22,0,0,0,0,,5.0,4,0,0,0
180,Ernie Hefferle,1,1975,8,1,7,0,.125,-6,0,0,0,0,,4.0,4,0,0,0
181,Jack Hegarty,1,1921,3,1,2,0,.333,-1,0,0,0,0,,12.0,12,0,0,0
182,Mel Hein,1,1947,3,2,1,0,.667,1,0,0,0,0,,3.0,3,0,0,0
183,Jack Heldt,1,1926,7,1,6,0,.143,-5,0,0,0,0,,19.0,19,0,0,0
184,Gus Henderson,1,1939,11,6,5,0,.545,1,0,0,0,0,,3.0,3,0,0,0
185,Dutch Hendrian,1,1923,5,0,5,0,.000,-5,0,0,0,0,,16.0,16,0,0,0
186,Dan Henning,7,1983-1991,112,38,73,1,.344,-35,0,0,0,0,,4.1,3,0,0,0
187,Pete Henry,2,1926-1928,23,3,17,3,.150,-14,0,0,0,0,,14.0,8,0,0,0
188,Wally Hess,3,1922-1924,18,3,12,3,.200,-9,0,0,0,0,,13.3,10,0,0,0
189,Red Hickey,5,1959-1963,55,27,27,1,.500,0,0,0,0,0,,4.4,2,0,0,0
190,Max Hicks,1,1921,5,1,3,1,.250,-2,0,0,0,0,,13.0,13,0,0,0
191,Austin Higgins,1,1921,2,0,2,0,.000,-2,0,0,0,0,,18.0,18,0,0,0
192,Bob Hollway,2,1971-1972,28,8,18,2,.315,-10,0,0,0,0,,4.0,4,0,0,0
193,Mike Holmgren,17,1992-2008,272,161,111,0,.592,50,12,24,13,11,.542,1.8,1,1,1,3
194,Mike Holovak,9,1961-1976,108,52,47,9,.525,5,1,2,1,1,.500,2.8,1,0,0,0
195,Lou Holtz,1,1976,13,3,10,0,.231,-7,0,0,0,0,,4.0,4,0,0,0
196,Arnie Horween,2,1923-1924,22,13,8,1,.619,5,0,0,0,0,,7.0,6,0,0,0
197,Jim Lee Howell,7,1954-1960,84,53,27,4,.663,26,3,4,2,2,.500,2.0,1,1,,
198,Tommy Hudspeth,2,1976-1977,24,11,13,0,.458,-2,0,0,0,0,,3.0,3,0,0,0
199,Ken Huffine,1,1920,1,0,1,0,.000,-1,0,0,0,0,,14.0,14,0,0,0
200,Ed Hughes,1,1971,14,4,9,1,.308,-5,0,0,0,0,,3.0,3,0,0,0
201,Tommy Hughitt,5,1920-1924,56,34,15,7,.694,19,0,0,0,0,,6.0,1,0,0,0
202,Hal Hunter,1,1984,1,0,1,0,.000,-1,0,0,0,0,,4.0,4,0,0,0
203,Tut Imlay,1,1926,10,6,3,1,.667,3,0,0,0,0,,6.0,6,0,0,0
204,Lindy Infante,6,1988-1997,96,36,60,0,.375,-24,1,1,0,1,.000,3.8,2,0,0,0
205,Cecil Isbell,4,1947-1951,34,10,23,1,.303,-13,1,1,0,1,.000,4.3,1,0,0,0
206,Pop Ivy,6,1958-1963,76,32,42,2,.432,-10,1,1,0,1,.000,3.8,1,0,0,0
207,Hue Jackson,1,2011,16,8,8,0,.500,0,0,0,0,0,,3.0,3,,,
208,Dick Jauron,10,1999-2009,142,60,82,0,.423,-22,1,1,0,1,.000,3.3,1,0,0,0
209,Herb Joesting,1,1929,10,1,9,0,.100,-8,0,0,0,0,,11.0,11,0,0,0
210,Bill Johnson,3,1976-1978,33,18,15,0,.545,3,0,0,0,0,,2.7,2,0,0,0
211,Harvey Johnson,2,1968-1971,26,2,23,1,.080,-21,0,0,0,0,,5.0,5,0,0,0
212,Jimmy Johnson,9,1989-1999,144,80,64,0,.556,16,6,13,9,4,.692,2.7,1,2,2,2
213,Luke Johnsos,4,1942-1945,36,23,11,2,.676,12,2,2,1,1,.500,2.0,1,1,0,0
214,Al Jolley,2,1929-1933,12,1,10,1,.091,-9,0,0,0,0,,7.0,4,0,0,0
215,June Jones,4,1994-1998,58,22,36,0,.379,-14,1,1,0,1,.000,3.5,2,0,0,0
216,Ralph Jones,3,1930-1932,41,24,10,7,.706,14,0,0,0,0,,2.3,1,1,0,0
217,Bull Karcis,1,1942,8,0,8,0,.000,-8,0,0,0,0,,5.0,5,0,0,0
218,Chip Kelly,2,2013-2014,32,20,12,0,.625,8,1,1,0,1,.000,1.5,1,,,
219,Jim Kendrick,2,1923-1926,13,4,7,2,.364,-3,0,0,0,0,,14.0,9,0,0,0
220,Jack Keogh,1,1926,10,3,7,0,.300,-4,0,0,0,0,,13.0,13,0,0,0
221,Ed Khayat,2,1971-1972,25,8,15,2,.354,-7,0,0,0,0,,4.0,3,0,0,0
222,Walt Kiesling,9,1939-1956,90,30,55,5,.353,-25,0,0,0,0,,4.1,2,0,0,0
223,Lane Kiffin,2,2007-2008,20,5,15,0,.250,-10,0,0,0,0,,3.5,3,,,
224,Chuck Knox,22,1973-1994,334,186,147,1,.558,39,11,18,7,11,.389,2.6,1,0,0,0
225,Herb Kopf,3,1944-1946,31,7,22,2,.241,-15,0,0,0,0,,4.0,3,0,0,0
226,Walt Koppisch,1,1925,9,1,6,2,.143,-5,0,0,0,0,,15.0,15,0,0,0
227,Rich Kotite,6,1991-1996,96,40,56,0,.417,-16,1,2,1,1,.500,3.7,2,0,0,0
228,Ollie Kraehe,1,1923,7,1,4,2,.200,-3,0,0,0,0,,14.0,14,0,0,0
229,Aaron Kromer,1,2012,6,2,4,0,.333,-2,0,0,0,0,,3.0,3,,,
230,Ed Kubale,1,1944,5,0,5,0,.000,-5,0,0,0,0,,5.0,5,0,0,0
231,Gary Kubiak,8,2006-2013,125,61,64,0,.488,-3,2,4,2,2,.500,2.8,1,,,
232,Joe Kuharich,11,1952-1968,142,58,81,3,.417,-23,0,0,0,0,,3.5,2,0,0,0
233,Hank Kuhlmann,1,1989,5,0,5,0,.000,-5,0,0,0,0,,4.0,4,0,0,0
234,Frank Kush,3,1982-1984,40,11,28,1,.288,-17,0,0,0,0,,4.3,4,0,0,0
235,Jim Laird,1,1926,13,5,7,1,.417,-2,0,0,0,0,,11.0,11,0,0,0
236,Curly Lambeau,33,1921-1953,380,226,132,22,.631,94,5,5,3,2,.600,3.2,1,6,0,0
237,Tom Landry,29,1960-1988,418,250,162,6,.607,88,18,36,20,16,.556,2.4,1,2,2,5
238,Dick LeBeau,3,2000-2002,45,12,33,0,.267,-21,0,0,0,0,,5.0,4,0,0,0
239,Wally Lemm,10,1961-1970,135,64,64,7,.500,0,3,3,1,2,.333,3.0,1,1,0,0
240,Jim Leonard,1,1945,10,2,8,0,.200,-6,0,0,0,0,,5.0,5,0,0,0
241,Marv Levy,17,1978-1997,255,143,112,0,.561,31,8,19,11,8,.579,2.7,1,0,0,4
242,Art Lewis,1,1938,8,4,4,0,.500,0,0,0,0,0,,4.0,4,0,0,0
243,Marvin Lewis,12,2003-2014,192,100,90,2,.526,10,6,6,0,6,.000,2.3,1,0,0,0
244,Scott Linehan,3,2006-2008,36,11,25,0,.306,-14,0,0,0,0,,3.3,2,0,0,0
245,Vince Lombardi,10,1959-1969,136,96,34,6,.738,62,6,10,9,1,.900,1.5,1,5,2,2
246,Leo Lyons,2,1923-1924,7,0,7,0,.000,-7,0,0,0,0,,17.5,16,0,0,0
247,John Mackovic,4,1983-1986,64,30,34,0,.469,-4,1,1,0,1,.000,4.0,2,0,0,0
248,Dick MacPherson,2,1991-1992,32,8,24,0,.250,-16,0,0,0,0,,4.5,4,0,0,0
249,John Madden,10,1969-1978,142,103,32,7,.759,71,8,16,9,7,.563,1.3,1,1,1,1
250,Lou Mahrt,1,1927,8,1,6,1,.143,-5,0,0,0,0,,10.0,10,0,0,0
251,Ray Malavasi,6,1966-1982,85,44,41,0,.518,3,3,6,3,3,.500,2.5,1,0,0,1
252,Eric Mangini,5,2006-2010,80,33,47,0,.413,-14,1,1,0,1,.000,3.0,2,0,0,0
253,Ted Marchibroda,12,1975-1998,186,87,98,1,.470,-11,4,6,2,4,.333,3.3,1,0,0,0
254,Rod Marinelli,3,2006-2008,48,10,38,0,.208,-28,0,0,0,0,,3.7,3,0,0,0
255,Steve Mariucci,9,1997-2005,139,72,67,0,.518,5,4,7,3,4,.429,2.7,1,0,0,0
256,Doug Marrone,2,2013-2014,32,15,17,0,.469,-2,0,0,0,0,,3.0,2,,,
257,Billy Marshall,2,1920-1921,15,3,8,4,.273,-5,0,0,0,0,,12.5,9,0,0,0
258,Mike Martz,6,2000-2005,85,53,32,0,.624,21,4,7,3,4,.429,1.7,1,0,0,1
259,Ned Mathews,1,1946,5,2,2,1,.500,0,0,0,0,0,,4.0,4,0,0,0
260,John Mazur,3,1970-1972,30,9,21,0,.300,-12,0,0,0,0,,4.3,3,0,0,0
261,Don McCafferty,4,1970-1973,47,28,17,2,.620,11,2,5,4,1,.800,2.0,1,1,1,1
262,Mike McCarthy,9,2006-2014,144,94,49,1,.656,45,7,13,7,6,.538,1.6,1,1,1,1
263,Mike McCormack,6,1973-1982,81,29,51,1,.364,-22,0,0,0,0,,3.8,3,0,0,0
264,Mike McCoy,2,2013-2014,32,18,14,0,.563,4,1,2,1,1,.500,2.5,2,,,
265,Pete McCulley,1,1978,9,1,8,0,.111,-7,0,0,0,0,,4.0,4,0,0,0
266,Josh McDaniels,2,2009-2010,28,11,17,0,.393,-6,0,0,0,0,,3.0,2,0,0,0
267,Cap McEwan,2,1933-1934,21,9,11,1,.450,-2,0,0,0,0,,2.5,2,0,0,0
268,Alfred McGall,1,1930,3,0,3,0,.000,-3,0,0,0,0,,11.0,11,0,0,0
269,Dave McGinnis,4,2000-2003,57,17,40,0,.298,-23,0,0,0,0,,4.3,4,0,0,0
270,Wally McIlwain,1,1926,2,0,2,0,.000,-2,0,0,0,0,,16.0,16,0,0,0
271,John McKay,9,1976-1984,133,44,88,1,.335,-44,3,4,1,3,.250,3.6,1,0,0,0
272,Ed McKeever,1,1948,14,1,13,0,.071,-12,0,0,0,0,,4.0,4,0,0,0
273,Ray McLean,2,1953-1958,14,1,12,1,.077,-11,0,0,0,0,,6.0,6,0,0,0
274,Bo McMillin,4,1948-1951,38,14,24,0,.368,-10,0,0,0,0,,4.5,4,0,0,0
275,Bill McPeak,5,1961-1965,70,21,46,3,.313,-25,0,0,0,0,,4.8,3,0,0,0
276,John McVay,3,1976-1978,37,14,23,0,.378,-9,0,0,0,0,,5.0,5,,,
277,Jack Meagher,1,1946,6,1,5,0,.167,-4,0,0,0,0,,4.0,4,0,0,0
278,Harry Mehre,1,1923,9,2,5,2,.286,-3,0,0,0,0,,13.0,13,0,0,0
279,Ken Meyer,1,1977,14,5,9,0,.357,-4,0,0,0,0,,3.0,3,0,0,0
280,Ron Meyer,9,1982-1991,104,54,50,0,.519,4,2,2,0,2,.000,2.8,1,0,0,0
281,Walt Michaels,6,1977-1982,87,39,47,1,.454,-8,2,4,2,2,.500,3.3,2,0,0,0
282,John Michelosen,4,1948-1951,48,20,26,2,.435,-6,0,0,0,0,,3.0,2,0,0,0
283,Red Miller,4,1977-1980,62,40,22,0,.645,18,3,5,2,3,.400,2.0,1,0,0,1
284,Wayne Millner,1,1951,10,2,8,0,.200,-6,0,0,0,0,,5.0,5,0,0,0
285,Dick Modzelewski,1,1977,1,0,1,0,.000,-1,0,0,0,0,,4.0,4,,,
286,Gary Moeller,1,2000,7,4,3,0,.571,1,0,0,0,0,,4.0,4,,,
287,Keith Molesworth,1,1953,12,3,9,0,.250,-6,0,0,0,0,,5.0,5,0,0,0
289,Jim Mora,15,1986-2001,231,125,106,0,.541,19,6,6,0,6,.000,2.9,1,0,0,0
289,Jim Mora,4,2004-2009,64,31,33,0,.484,-2,1,2,1,1,.500,2.5,1,0,0,0
290,Charley Moran,1,1927,8,2,5,1,.286,-3,0,0,0,0,,7.0,7,0,0,0
291,Marty Mornhinweg,2,2001-2002,32,5,27,0,.156,-22,0,0,0,0,,4.5,4,0,0,0
292,Raheem Morris,3,2009-2011,48,17,31,0,.354,-14,0,0,0,0,,3.7,3,,,
293,Mike Mularkey,3,2004-2012,48,16,32,0,.333,-16,0,0,0,0,,3.3,3,0,0,0
294,Brick Muller,1,1926,10,6,3,1,.667,3,0,0,0,0,,6.0,6,0,0,0
295,Mike Munchak,3,2011-2013,48,22,26,0,.458,-4,0,0,0,0,,2.3,2,,,
296,Johnny Murphy,1,1924,4,0,4,0,.000,-4,0,0,0,0,,16.0,16,0,0,0
297,Greasy Neale,10,1941-1950,111,63,43,5,.594,20,3,4,3,1,.750,2.4,1,2,0,0
298,Al Nesser,1,1926,2,0,1,1,.000,-1,0,0,0,0,,16.0,16,0,0,0
299,Ted Nesser,2,1920-1921,19,3,14,2,.176,-11,0,0,0,0,,15.0,13,0,0,0
300,Ernie Nevers,4,1927-1939,41,12,27,2,.308,-15,0,0,0,0,,6.8,4,0,0,0
301,Frank Nied,1,1926,6,1,3,2,.250,-2,0,0,0,0,,16.0,16,0,0,0
302,Mike Nixon,3,1959-1965,38,6,30,2,.167,-24,0,0,0,0,,6.0,5,0,0,0
303,Dick Nolan,11,1968-1980,156,69,82,5,.457,-13,3,5,2,3,.400,2.4,1,0,0,0
304,Mike Nolan,4,2005-2008,55,18,37,0,.327,-19,0,0,0,0,,3.0,2,,,
305,Chuck Noll,23,1969-1991,342,193,148,1,.566,45,12,24,16,8,.667,2.1,1,4,4,4
306,John North,3,1973-1975,34,11,23,0,.324,-12,0,0,0,0,,3.7,3,0,0,0
307,Bill O'Brien,1,2014,16,9,7,0,.563,2,0,0,0,0,,2.0,2,,,
308,Fred O'Connor,1,1978,7,1,6,0,.143,-5,0,0,0,0,,4.0,4,0,0,0
309,Steve Owen,23,1931-1953,268,151,100,17,.602,51,10,10,2,8,.200,2.3,1,2,,
310,Chuck Pagano,3,2012-2014,48,33,15,0,.688,18,3,6,3,3,.500,1.3,1,,,
311,Mike Palm,1,1933,7,3,3,1,.500,0,0,0,0,0,,4.0,4,0,0,0
312,Chris Palmer,2,1999-2000,32,5,27,0,.156,-22,0,0,0,0,,6.0,6,,,
313,Bill Parcells,19,1983-2006,303,172,130,1,.569,42,10,19,11,8,.579,2.5,1,2,2,3
314,Jack Pardee,11,1975-1994,164,87,77,0,.530,10,5,6,1,5,.167,2.4,1,0,0,0
315,Buddy Parker,15,1949-1964,188,104,75,9,.581,29,3,4,3,1,.750,3.2,1,2,0,0
316,Jack Patera,7,1976-1982,94,35,59,0,.372,-24,0,0,0,0,,4.0,3,0,0,0
317,Sean Payton,8,2006-2014,128,80,48,0,.625,32,5,10,6,4,.600,2.0,1,1,1,1
318,Pat Peppler,1,1976,9,3,6,0,.333,-3,0,0,0,0,,3.0,3,0,0,0
319,Ray Perkins,8,1979-1990,117,42,75,0,.359,-33,1,2,1,1,.500,3.8,2,0,0,0
320,Bill Peterson,2,1972-1973,19,1,18,0,.053,-17,0,0,0,0,,4.0,4,0,0,0
321,Richie Petitbon,1,1993,16,4,12,0,.250,-8,0,0,0,0,,5.0,5,0,0,0
322,Bobby Petrino,1,2007,13,3,10,0,.231,-7,0,0,0,0,,4.0,4,,,
323,Mike Pettine,1,2014,16,7,9,0,.438,-2,0,0,0,0,,4.0,4,,,
324,Jimmy Phelan,4,1948-1952,50,13,35,2,.271,-22,0,0,0,0,,4.8,3,0,0,0
325,Joe Philbin,3,2012-2014,48,23,25,0,.479,-2,0,0,0,0,,2.7,2,,,
326,Bum Phillips,11,1975-1985,159,82,77,0,.516,5,3,7,4,3,.571,2.8,2,0,0,0
327,Wade Phillips,12,1985-2013,146,82,64,0,.562,18,5,6,1,5,.167,2.9,1,0,0,0
328,Al Pierotti,1,1920,5,2,2,1,.500,0,0,0,0,0,,10.0,10,0,0,0
329,Fritz Pollard,2,1921-1925,13,8,4,1,.667,4,0,0,0,0,,8.5,3,0,0,0
330,Hampton Pool,5,1946-1954,47,26,19,2,.578,7,1,1,0,1,.000,3.2,1,0,0,0
331,Earl Potteiger,3,1924-1928,31,15,12,4,.556,3,0,0,0,0,,7.7,1,1,0,0
332,Ray Prochaska,1,1961,2,2,0,0,1.000,2,0,0,0,0,,4.0,4,0,0,0
333,Tommy Prothro,7,1971-1978,88,35,51,2,.408,-16,0,0,0,0,,3.3,2,0,0,0
334,John Ralston,5,1972-1976,70,34,33,3,.507,1,0,0,0,0,,2.4,2,0,0,0
335,Buster Ramsey,2,1960-1961,28,11,16,1,.407,-5,0,0,0,0,,3.5,3,0,0,0
336,Dick Rauch,5,1925-1929,60,33,24,3,.579,9,0,0,0,0,,4.8,2,0,0,0
337,John Rauch,5,1966-1970,70,40,28,2,.588,12,2,4,2,2,.500,2.2,1,0,0,1
338,Dan Reeves,23,1981-2003,357,190,165,2,.535,25,9,20,11,9,.550,2.7,1,0,0,4
339,Andy Reid,16,1999-2014,256,150,105,1,.588,45,10,20,10,10,.500,2.2,1,0,0,1
340,Ray Rhodes,5,1995-1999,80,37,42,1,.469,-5,2,3,1,2,.333,3.2,2,0,0,0
341,Homer Rice,2,1978-1979,27,8,19,0,.296,-11,0,0,0,0,,4.0,4,0,0,0
342,Ray Richards,3,1955-1957,36,14,21,1,.400,-7,0,0,0,0,,4.0,2,0,0,0
343,Mike Riley,3,1999-2001,48,14,34,0,.292,-20,0,0,0,0,,4.3,3,0,0,0
344,Jim Ringo,2,1976-1977,23,3,20,0,.130,-17,0,0,0,0,,4.5,4,0,0,0
345,Ron Rivera,4,2011-2014,64,32,31,1,.508,1,2,3,1,2,.333,1.8,1,,,
346,Harry Robb,2,1925-1926,18,5,13,0,.278,-8,0,0,0,0,,15.5,11,0,0,0
347,J.D. Roberts,3,1970-1972,35,7,25,3,.227,-18,0,0,0,0,,4.0,4,0,0,0
348,Ed Robinson,1,1931,11,4,4,3,.500,0,0,0,0,0,,6.0,6,0,0,0
349,John Robinson,9,1983-1991,143,75,68,0,.524,7,6,10,4,6,.400,2.3,1,0,0,0
350,Terry Robiskie,2,2000-2004,8,2,6,0,.250,-4,0,0,0,0,,3.5,3,,,
351,Charley Rogers,1,1927,10,4,4,2,.500,0,0,0,0,0,,7.0,7,0,0,0
352,Darryl Rogers,4,1985-1988,58,18,40,0,.310,-22,0,0,0,0,,4.0,3,0,0,0
353,Gene Ronzani,4,1950-1953,46,14,31,1,.311,-17,0,0,0,0,,5.0,4,0,0,0
354,Tam Rose,1,1921,1,0,1,0,.000,-1,0,0,0,0,,18.0,18,0,0,0
355,Bobby Ross,9,1992-2000,137,74,63,0,.540,11,5,8,3,5,.375,2.8,1,0,0,1
356,Babe Ruetz,3,1922-1924,31,14,11,6,.560,3,0,0,0,0,,7.7,6,0,0,0
357,Clive Rush,2,1969-1970,21,5,16,0,.238,-11,0,0,0,0,,4.0,3,0,0,0
358,Rod Rust,1,1990,16,1,15,0,.063,-14,0,0,0,0,,5.0,5,0,0,0
359,Sam Rutigliano,7,1978-1984,97,47,50,0,.485,-3,2,2,0,2,.000,2.7,1,,,
360,Buddy Ryan,7,1986-1995,111,55,55,1,.500,0,3,3,0,3,.000,3.0,1,0,0,0
361,Rex Ryan,6,2009-2014,96,46,50,0,.479,-4,2,6,4,2,.667,2.5,2,0,0,0
362,Lou Rymkus,2,1960-1961,19,11,7,1,.611,4,1,1,1,0,1.000,1.0,1,1,0,0
363,Lou Saban,16,1960-1976,201,95,99,7,.490,-4,4,4,2,2,.500,3.0,1,2,0,0
364,Nick Saban,2,2005-2006,32,15,17,0,.469,-2,0,0,0,0,,3.0,2,0,0,0
365,Lenny Sachs,1,1926,4,0,4,0,.000,-4,0,0,0,0,,21.0,21,0,0,0
366,Andy Salata,1,1930,3,0,3,0,.000,-3,0,0,0,0,,11.0,11,0,0,0
367,John Sandusky,1,1972,9,4,5,0,.444,-1,0,0,0,0,,3.0,3,0,0,0
368,Al Saunders,3,1986-1988,39,17,22,0,.436,-5,0,0,0,0,,4.0,3,0,0,0
369,Dewey Scanlon,4,1924-1929,36,17,15,4,.531,2,0,0,0,0,,8.0,4,0,0,0
370,Greg Schiano,2,2012-2013,32,11,21,0,.344,-10,0,0,0,0,,4.0,4,,,
371,Paul Schissler,4,1933-1936,46,14,29,3,.326,-15,0,0,0,0,,3.8,2,0,0,0
372,Joe Schmidt,6,1967-1972,84,43,34,7,.558,9,1,1,0,1,.000,2.5,2,0,0,0
373,Howard Schnellenberger,2,1973-1974,17,4,13,0,.235,-9,0,0,0,0,,5.0,5,0,0,0
374,Marty Schottenheimer,21,1984-2006,327,200,126,1,.613,74,13,18,5,13,.278,2.0,1,0,0,0
375,Jim Schwartz,5,2009-2013,80,29,51,0,.363,-22,1,1,0,1,.000,3.2,2,0,0,0
376,Ralph Scott,1,1927,16,7,8,1,.467,-1,0,0,0,0,,6.0,6,0,0,0
377,Tom Scott,1,1946,7,1,6,0,.143,-5,0,0,0,0,,2.0,2,0,0,0
378,George Seifert,11,1989-2001,176,114,62,0,.648,52,7,15,10,5,.667,1.9,1,2,2,2
379,Mike Shanahan,20,1988-2013,308,170,138,0,.552,32,8,14,8,6,.571,2.6,1,2,2,2
380,Clark Shaughnessy,2,1948-1949,24,14,7,3,.667,7,1,1,0,1,.000,2.0,1,0,0,0
381,Buck Shaw,12,1946-1960,150,90,55,5,.621,35,2,3,2,1,.667,2.5,1,1,0,0
382,Art Shell,7,1989-2006,108,56,52,0,.519,4,3,5,2,3,.400,2.9,1,,,
383,Allie Sherman,8,1961-1968,112,57,51,4,.528,6,3,3,0,3,.000,3.0,1,,,
384,Mike Sherman,6,2000-2005,96,57,39,0,.594,18,4,6,2,4,.333,2.0,1,,,
385,Ted Shipkey,1,1947,3,2,1,0,.667,1,0,0,0,0,,3.0,3,0,0,0
386,Ken Shipp,1,1975,5,1,4,0,.200,-3,0,0,0,0,,4.0,4,0,0,0
387,Jim Shofner,1,1990,7,1,6,0,.143,-5,0,0,0,0,,4.0,4,,,
388,David Shula,5,1992-1996,71,19,52,0,.268,-33,0,0,0,0,,3.4,3,0,0,0
389,Don Shula,33,1963-1995,490,328,156,6,.677,172,19,36,19,17,.528,1.8,1,2,2,6
390,Pat Shurmur,2,2011-2012,32,9,23,0,.281,-14,0,0,0,0,,4.0,4,,,
391,Herb Sies,1,1923,8,2,3,3,.400,-1,0,0,0,0,,12.0,12,0,0,0
392,Mike Singletary,3,2008-2010,40,18,22,0,.450,-4,0,0,0,0,,2.3,2,,,
393,Nick Skorich,7,1961-1974,98,45,48,5,.484,-3,2,2,0,2,.000,3.7,1,0,0,0
394,Clipper Smith,2,1947-1948,24,7,16,1,.304,-9,0,0,0,0,,4.0,3,0,0,0
395,Jerry Smith,1,1971,5,2,3,0,.400,-1,0,0,0,0,,4.0,4,0,0,0
396,Lovie Smith,10,2004-2014,160,83,77,0,.519,6,3,6,3,3,.500,2.6,1,0,0,1
397,Mike Smith,7,2008-2014,112,66,46,0,.589,20,4,5,1,4,.200,2.0,1,0,0,0
398,Bob Snyder,1,1947,12,6,6,0,.500,0,0,0,0,0,,4.0,4,0,0,0
399,Steve Spagnuolo,3,2009-2011,48,10,38,0,.208,-28,0,0,0,0,,3.3,2,0,0,0
400,Tony Sparano,5,2008-2014,73,32,41,0,.438,-9,1,1,0,1,.000,2.8,1,0,0,0
401,Mac Speedie,3,1964-1966,26,6,19,1,.240,-13,0,0,0,0,,4.0,4,0,0,0
402,Steve Spurrier,2,2002-2003,32,12,20,0,.375,-8,0,0,0,0,,3.0,3,0,0,0
403,Gene Stallings,4,1986-1989,58,23,34,1,.405,-11,0,0,0,0,,4.0,3,0,0,0
404,Dick Stanfel,1,1980,4,1,3,0,.250,-2,0,0,0,0,,4.0,4,0,0,0
405,Bart Starr,9,1975-1983,131,52,76,3,.408,-24,1,2,1,1,.500,3.2,1,0,0,0
406,Les Steckel,1,1984,16,3,13,0,.188,-10,0,0,0,0,,5.0,5,,,
407,Kay Stephenson,3,1983-1985,36,10,26,0,.278,-16,0,0,0,0,,4.3,3,0,0,0
408,Joey Sternaman,1,1923,7,4,3,0,.571,1,0,0,0,0,,7.0,7,0,0,0
409,Mal Stevens,1,1946,7,2,4,1,.333,-2,0,0,0,0,,2.0,2,0,0,0
410,Pete Stinchcomb,1,1923,7,3,4,0,.429,-1,0,0,0,0,,8.0,8,0,0,0
411,Carl Storck,5,1922-1926,38,8,26,4,.235,-18,0,0,0,0,,13.6,7,0,0,0
412,Red Strader,4,1948-1955,46,24,22,0,.522,2,1,1,0,1,.000,3.3,2,0,0,0
413,Hank Stram,17,1960-1977,238,131,97,10,.574,34,5,8,5,3,.625,2.2,1,2,1,2
414,Eric Studesville,1,2010,4,1,3,0,.250,-2,0,0,0,0,,4.0,4,,,
415,Chuck Studley,1,1983,10,2,8,0,.200,-6,0,0,0,0,,4.0,4,,,
416,Joe Stydahar,5,1950-1954,49,20,28,1,.417,-8,2,3,2,1,.667,3.0,1,1,0,0
417,Jock Sutherland,4,1940-1947,45,28,16,1,.636,12,1,1,0,1,.000,2.0,1,0,0,0
418,Harland Svare,7,1962-1973,74,21,48,5,.310,-27,0,0,0,0,,5.1,3,0,0,0
419,Barry Switzer,4,1994-1997,64,40,24,0,.625,16,3,7,5,2,.714,1.8,1,1,1,1
420,Nelson Talbot,2,1920-1921,18,9,6,3,.600,3,0,0,0,0,,7.0,6,0,0,0
421,Hugh Taylor,1,1965,14,4,10,0,.286,-6,0,0,0,0,,4.0,4,0,0,0
422,Gus Tebell,1,1923,3,2,0,1,1.000,2,0,0,0,0,,8.0,8,0,0,0
423,Emmitt Thomas,1,2007,3,1,2,0,.333,-1,0,0,0,0,,4.0,4,,,
424,Joe Thomas,1,1974,11,2,9,0,.182,-7,0,0,0,0,,5.0,5,0,0,0
425,Jim Thorpe,4,1920-1923,41,14,25,2,.359,-11,0,0,0,0,,12.0,8,0,0,0
426,Mike Tice,5,2001-2005,65,32,33,0,.492,-1,1,2,1,1,.500,2.4,2,,,
427,Elgie Tobin,2,1920-1921,23,16,3,4,.842,13,0,0,0,0,,2.0,1,1,0,0
428,Vince Tobin,5,1996-2000,71,28,43,0,.394,-15,1,2,1,1,.500,4.0,2,0,0,0
429,Dick Todd,1,1951,9,5,4,0,.556,1,0,0,0,0,,3.0,3,0,0,0
430,Russell Tollefson,1,1922,4,1,3,0,.250,-2,0,0,0,0,,13.0,13,0,0,0
431,Mike Tomlin,8,2007-2014,128,82,46,0,.641,36,5,9,5,4,.556,1.8,1,1,1,2
432,Jim Tomsula,1,2010,1,1,0,0,1.000,1,0,0,0,0,,3.0,3,,,
433,Marc Trestman,2,2013-2014,32,13,19,0,.406,-6,0,0,0,0,,3.0,2,,,
434,Jim Trimble,4,1952-1955,48,25,20,3,.556,5,0,0,0,0,,2.5,2,0,0,0
435,Mel Tucker,1,2011,5,2,3,0,.400,-1,0,0,0,0,,3.0,3,,,
436,Bulldog Turner,1,1962,14,5,9,0,.357,-4,0,0,0,0,,4.0,4,0,0,0
437,Norv Turner,15,1994-2012,237,114,122,1,.483,-8,4,8,4,4,.500,2.5,1,0,0,0
438,Rube Ursella,3,1920-1925,24,12,8,4,.600,4,0,0,0,0,,8.3,4,0,0,0
439,Norm Van Brocklin,13,1961-1974,173,66,100,7,.398,-34,0,0,0,0,,3.9,2,0,0,0
440,Rick Venturi,2,1991-1996,19,2,17,0,.105,-15,0,0,0,0,,5.0,5,0,0,0
441,Dick Vermeil,15,1976-2005,229,120,109,0,.524,11,6,11,6,5,.545,2.9,1,1,1,2
442,Joe Vitt,2,2005-2012,21,9,12,0,.429,-3,0,0,0,0,,2.5,2,,,
443,Carl Voyles,1,1948,14,2,12,0,.143,-10,0,0,0,0,,4.0,4,0,0,0
444,Charlie Waller,2,1969-1970,19,9,7,3,.563,2,0,0,0,0,,3.0,3,0,0,0
445,Ron Waller,1,1973,6,1,5,0,.167,-4,0,0,0,0,,4.0,4,0,0,0
446,Adam Walsh,2,1945-1946,21,15,5,1,.750,10,1,1,1,0,1.000,1.5,1,1,0,0
447,Bill Walsh,10,1979-1988,152,92,59,1,.609,33,7,14,10,4,.714,1.8,1,3,3,3
448,Chile Walsh,1,1934,3,1,2,0,.333,-1,0,0,0,0,,5.0,5,0,0,0
449,Joe Walton,7,1983-1989,111,53,57,1,.482,-4,2,3,1,2,.333,3.7,2,0,0,0
450,Dave Wannstedt,11,1993-2004,169,82,87,0,.485,-5,3,5,2,3,.400,3.3,1,0,0,0
451,Bob Waterfield,3,1960-1962,34,9,24,1,.273,-15,0,0,0,0,,6.3,6,0,0,0
452,Red Weaver,2,1924-1925,17,4,13,0,.235,-9,0,0,0,0,,13.0,10,0,0,0
453,Alex Webster,5,1969-1973,70,29,40,1,.421,-11,0,0,0,0,,3.4,2,,,
454,Ed Weir,2,1927-1928,26,15,7,4,.682,8,0,0,0,0,,4.5,2,0,0,0
455,John Whelchel,1,1949,7,3,3,1,.500,0,0,0,0,0,,4.0,4,0,0,0
456,Ken Whisenhunt,7,2007-2014,112,47,65,0,.420,-18,2,6,4,2,.667,2.6,1,0,0,1
457,Mike White,2,1995-1996,32,15,17,0,.469,-2,0,0,0,0,,4.5,4,,,
458,Paul Wiggin,3,1975-1977,35,11,24,0,.314,-13,0,0,0,0,,4.0,3,0,0,0
459,Hubert Wiggs,1,1922,4,1,3,0,.250,-2,0,0,0,0,,13.0,13,0,0,0
460,Willie Wilkin,1,1946,5,2,2,1,.500,0,0,0,0,0,,4.0,4,0,0,0
461,Bud Wilkinson,2,1978-1979,29,9,20,0,.310,-11,0,0,0,0,,4.5,4,0,0,0
462,Gregg Williams,3,2001-2003,48,17,31,0,.354,-14,0,0,0,0,,4.0,3,0,0,0
463,Jerry Williams,3,1969-1971,31,7,22,2,.241,-15,0,0,0,0,,4.0,3,0,0,0
464,Richard Williamson,2,1990-1991,19,4,15,0,.211,-11,0,0,0,0,,3.5,2,,,
465,Ray Willsey,1,1961,2,2,0,0,1.000,2,0,0,0,0,,4.0,4,0,0,0
466,George Wilson,12,1957-1969,160,68,84,8,.447,-16,1,2,2,0,1.000,3.3,1,1,0,0
467,Larry Wilson,1,1979,3,2,1,0,.667,1,0,0,0,0,,5.0,5,0,0,0
468,Charley Winner,7,1966-1975,93,44,44,5,.500,0,0,0,0,0,,3.3,2,0,0,0
469,Hoge Workman,1,1931,10,2,8,0,.200,-6,0,0,0,0,,8.0,8,0,0,0
470,Lud Wray,4,1932-1935,41,13,25,3,.342,-12,0,0,0,0,,4.0,3,0,0,0
471,Sam Wyche,12,1984-1995,191,84,107,0,.440,-23,2,5,3,2,.600,3.2,1,0,0,1
472,Doug Wycoff,2,1929-1930,22,8,9,5,.471,-1,0,0,0,0,,6.0,6,0,0,0
473,Doc Young,2,1925-1926,8,1,7,0,.125,-6,0,0,0,0,,17.5,14,0,0,0
474,Swede Youngstrom,1,1927,10,4,4,2,.500,0,0,0,0,0,,7.0,7,0,0,0
475,Mike Zimmer,1,2014,16,7,9,0,.438,-2,0,0,0,0,,3.0,3,,,
476,Jim Zorn,2,2008-2009,32,12,20,0,.375,-8,0,0,0,0,,4.0,4,0,0,0
